{"cameraMode":{"drawMode":0,"name":"Shaded","section":"Shading Mode"},"sceneLighting":false,"audioPlay":false,"sceneViewState":{"showFog":true,"showMaterialUpdate":false,"showSkybox":false,"showFlares":true,"showImageEffects":true,"showParticleSystems":true},"in2DMode":false,"pivot":{"x":1.125,"y":1.2320318222045899,"z":-3.6437745094299318},"rotation":{"x":-0.10382281243801117,"y":0.8881012201309204,"z":-0.373806357383728,"w":-0.24664807319641114},"size":1.7139625549316407,"orthographic":true}