{"cameraMode":{"drawMode":0,"name":"Shaded","section":"Shading Mode"},"sceneLighting":false,"audioPlay":false,"sceneViewState":{"showFog":true,"showMaterialUpdate":false,"showSkybox":false,"showFlares":true,"showImageEffects":true,"showParticleSystems":true},"in2DMode":false,"pivot":{"x":0.1457270234823227,"y":0.017380787059664727,"z":-0.20600616931915284},"rotation":{"x":0.2048831582069397,"y":0.7919081449508667,"z":-0.3645382821559906,"w":0.4451351761817932},"size":3.3314225673675539,"orthographic":true}