{"cameraMode":{"drawMode":0,"name":"Shaded","section":"Shading Mode"},"sceneLighting":false,"audioPlay":false,"sceneViewState":{"showFog":true,"showMaterialUpdate":false,"showSkybox":false,"showFlares":true,"showImageEffects":true,"showParticleSystems":true},"in2DMode":false,"pivot":{"x":2.7709999084472658,"y":0.8600000143051148,"z":-9.105000495910645},"rotation":{"x":-0.04432034119963646,"y":0.9305076003074646,"z":-0.34324976801872256,"w":-0.12013799697160721},"size":1.4235345125198365,"orthographic":true}