{"cameraMode":{"drawMode":0,"name":"Shaded","section":"Shading Mode"},"sceneLighting":false,"audioPlay":false,"sceneViewState":{"showFog":true,"showMaterialUpdate":false,"showSkybox":false,"showFlares":true,"showImageEffects":true,"showParticleSystems":true},"in2DMode":false,"pivot":{"x":0.2795906066894531,"y":0.3259631097316742,"z":0.6807175874710083},"rotation":{"x":0.11645598709583283,"y":-0.872696042060852,"z":0.25370943546295168,"w":0.40077269077301028},"size":1.0074363946914673,"orthographic":true}