{"cameraMode":{"drawMode":0,"name":"Shaded","section":"Shading Mode"},"sceneLighting":false,"audioPlay":false,"sceneViewState":{"showFog":true,"showMaterialUpdate":false,"showSkybox":false,"showFlares":true,"showImageEffects":true,"showParticleSystems":true},"in2DMode":false,"pivot":{"x":2.5383737087249758,"y":1.6923818588256837,"z":-3.340208053588867},"rotation":{"x":-0.03012409806251526,"y":0.9291543960571289,"z":-0.36027634143829348,"w":-0.07767011225223541},"size":2.0376477241516115,"orthographic":true}