{"cameraMode":{"drawMode":0,"name":"Shaded","section":"Shading Mode"},"sceneLighting":false,"audioPlay":false,"sceneViewState":{"showFog":true,"showMaterialUpdate":false,"showSkybox":false,"showFlares":true,"showImageEffects":true,"showParticleSystems":true},"in2DMode":false,"pivot":{"x":2.9796860218048097,"y":0.92724609375,"z":-8.78701114654541},"rotation":{"x":0.02992776781320572,"y":0.9120744466781616,"z":-0.4033755362033844,"w":0.06771473586559296},"size":2.4036519527435304,"orthographic":true}