{"cameraMode":{"drawMode":0,"name":"Shaded","section":"Shading Mode"},"sceneLighting":false,"audioPlay":false,"sceneViewState":{"showFog":true,"showMaterialUpdate":false,"showSkybox":false,"showFlares":true,"showImageEffects":true,"showParticleSystems":true},"in2DMode":false,"pivot":{"x":-1.5034804344177247,"y":-0.7195815443992615,"z":-0.8698568344116211},"rotation":{"x":-0.054940566420555118,"y":0.9432079195976257,"z":-0.260429322719574,"w":-0.1989678591489792},"size":2.8482909202575685,"orthographic":true}